Date,Time,Open,High,Low,Close,Volume,OpenInt
2017-02-20,02:35:00,86.3,86.55,86.3,86.45,263147,0
2017-02-20,02:40:00,86.45,86.55,86.4,86.55,165000,0
2017-02-20,02:45:00,86.55,86.55,86.4,86.5,202400,0
2017-02-20,02:50:00,86.5,86.6,86.4,86.55,193000,0
2017-02-20,02:55:00,86.55,87.2,86.55,87.2,371088,0
2017-02-20,03:00:00,87.2,87.3,87.2,87.2,300695,0
2017-02-20,03:05:00,87.2,87.4,87.2,87.35,189700,0
2017-02-20,03:10:00,87.35,87.7,87.3,87.65,590500,0
2017-02-20,03:15:00,87.65,87.65,87.5,87.55,264500,0
2017-02-20,03:20:00,87.55,87.6,87.5,87.6,144000,0
2017-02-20,03:25:00,87.6,87.65,87.55,87.55,116500,0
2017-02-20,03:30:00,87.55,87.6,87.55,87.6,41000,0
2017-02-20,03:35:00,87.6,87.6,87.55,87.55,122000,0
2017-02-20,03:40:00,87.55,87.6,87.35,87.4,265000,0
2017-02-20,03:45:00,87.4,87.4,87.2,87.25,240020,0
2017-02-20,03:50:00,87.25,87.25,87.15,87.2,85500,0
2017-02-20,03:55:00,87.2,87.25,87.1,87.1,169500,0
2017-02-20,04:00:00,87.1,87.1,87,87.1,245500,0
2017-02-20,04:05:00,87.1,87.1,86.7,86.9,426700,0
2017-02-20,04:10:00,86.9,86.95,86.75,86.75,184500,0
2017-02-20,04:15:00,86.75,86.95,86.75,86.95,288500,0
2017-02-20,04:20:00,86.95,87.1,86.95,86.95,192420,0
2017-02-20,04:25:00,86.95,86.95,86.85,86.9,138000,0
2017-02-20,04:30:00,86.9,86.95,86.85,86.95,42000,0
2017-02-20,04:35:00,86.95,86.95,86.55,86.7,422000,0
2017-02-20,04:40:00,86.7,86.7,86.55,86.7,413000,0
2017-02-20,04:45:00,86.7,86.7,86.6,86.65,132041,0
2017-02-20,04:50:00,86.65,86.7,86.6,86.6,86500,0
2017-02-20,04:55:00,86.6,86.6,86.55,86.55,163500,0
2017-02-20,05:00:00,86.55,86.7,86.5,86.6,451000,0
2017-02-20,06:05:00,86.6,86.75,86.6,86.7,278000,0
2017-02-20,06:10:00,86.7,86.75,86.7,86.7,111000,0
2017-02-20,06:15:00,86.7,86.75,86.65,86.75,64500,0
2017-02-20,06:20:00,86.75,86.75,86.65,86.65,73500,0
2017-02-20,06:25:00,86.65,86.85,86.65,86.85,250000,0
2017-02-20,06:30:00,86.85,86.9,86.6,86.7,261500,0
2017-02-20,06:35:00,86.7,86.8,86.7,86.75,84000,0
2017-02-20,06:40:00,86.75,86.75,86.7,86.7,75000,0
2017-02-20,06:45:00,86.7,86.8,86.65,86.8,211000,0
2017-02-20,06:50:00,86.8,86.85,86.8,86.8,50500,0
2017-02-20,06:55:00,86.8,86.9,86.8,86.9,159000,0
2017-02-20,07:00:00,86.9,87.15,86.85,86.9,295000,0
2017-02-20,07:05:00,86.9,87.05,86.9,87.05,160500,0
2017-02-20,07:10:00,87.05,87.05,86.95,86.95,81500,0
2017-02-20,07:15:00,86.95,87.05,86.95,87.05,158500,0
2017-02-20,07:20:00,87.05,87.1,87,87.05,82500,0
2017-02-20,07:25:00,87.05,87.05,86.95,86.95,137000,0
2017-02-20,07:30:00,86.95,87,86.85,86.95,339500,0
2017-02-20,07:35:00,86.95,87,86.9,87,107500,0
2017-02-20,07:40:00,87,87,86.95,86.95,69000,0
2017-02-20,07:45:00,86.95,87.1,86.95,87.05,197500,0
2017-02-20,07:50:00,87.05,87.05,86.95,87.05,145500,0
2017-02-20,07:55:00,87.05,87.15,87.05,87.1,64512,0
2017-02-20,08:00:00,87.1,87.15,87,87.1,226000,0
2017-02-20,08:05:00,87.1,87.15,87,87.1,117000,0
2017-02-20,08:10:00,87.1,87.25,87.1,87.1,226000,0
2017-02-20,08:15:00,87.1,87.2,87.1,87.2,165500,0
2017-02-20,08:20:00,87.2,87.25,87.15,87.2,227000,0
2017-02-20,08:25:00,87.2,87.2,87.15,87.2,222300,0
2017-02-20,08:30:00,87.2,87.2,87.1,87.15,354500,0
2017-02-20,08:35:00,87.15,87.2,87.05,87.1,252000,0
2017-02-20,08:40:00,87.1,87.15,87.05,87.05,217232,0
2017-02-20,08:45:00,87.05,87.25,87,87.15,664500,0
2017-02-20,08:50:00,87.15,87.15,87.1,87.15,121732,0
2017-02-20,08:55:00,87.15,87.15,87,87,905500,0
2017-02-20,09:00:00,87,87.15,86.9,87.15,1576000,0
2017-02-21,02:35:00,87.3,87.5,87.3,87.45,262000,0
2017-02-21,02:40:00,87.45,87.75,87.4,87.7,278500,0
2017-02-21,02:45:00,87.7,87.8,87.55,87.75,314000,0
2017-02-21,02:50:00,87.75,87.8,87.65,87.65,244500,0
2017-02-21,02:55:00,87.65,87.65,87.6,87.6,91000,0
2017-02-21,03:00:00,87.6,87.65,87.45,87.5,403500,0
2017-02-21,03:05:00,87.5,87.5,87.3,87.35,185374,0
2017-02-21,03:10:00,87.35,87.5,87.35,87.45,185311,0
2017-02-21,03:15:00,87.45,87.55,87.4,87.45,155830,0
2017-02-21,03:20:00,87.45,87.45,87.25,87.35,163500,0
2017-02-21,03:25:00,87.35,87.45,87.35,87.4,71000,0
2017-02-21,03:30:00,87.4,87.45,87.3,87.4,182535,0
2017-02-21,03:35:00,87.4,87.5,87.4,87.5,53500,0
2017-02-21,03:40:00,87.5,87.5,87.4,87.45,91500,0
2017-02-21,03:45:00,87.45,87.45,87.4,87.45,20500,0
2017-02-21,03:50:00,87.45,87.55,87.4,87.55,131500,0
2017-02-21,03:55:00,87.55,87.6,87.4,87.45,106716,0
2017-02-21,04:00:00,87.45,87.55,87.45,87.45,97000,0
2017-02-21,04:05:00,87.45,87.5,87.4,87.5,64000,0
2017-02-21,04:10:00,87.5,87.5,87.45,87.5,38000,0
2017-02-21,04:15:00,87.5,87.5,87.45,87.5,74500,0
2017-02-21,04:20:00,87.5,87.6,87.45,87.55,154500,0
2017-02-21,04:25:00,87.55,87.6,87.45,87.5,178500,0
2017-02-21,04:30:00,87.5,87.55,87.5,87.55,67000,0
2017-02-21,04:35:00,87.55,87.6,87.5,87.55,172000,0
2017-02-21,04:40:00,87.55,87.55,87.45,87.5,83500,0
2017-02-21,04:45:00,87.5,87.55,87.45,87.5,57000,0
2017-02-21,04:50:00,87.5,87.55,87.5,87.55,80500,0
2017-02-21,04:55:00,87.55,87.55,87.5,87.55,77000,0
2017-02-21,05:00:00,87.55,87.6,87.5,87.6,108000,0
2017-02-21,06:05:00,87.6,87.7,87.5,87.65,443500,0
2017-02-21,06:10:00,87.65,87.75,87.65,87.65,238000,0
2017-02-21,06:15:00,87.65,87.7,87.6,87.65,206500,0
2017-02-21,06:20:00,87.65,87.7,87.6,87.7,135500,0
2017-02-21,06:25:00,87.7,87.7,87.55,87.55,293500,0
2017-02-21,06:30:00,87.55,87.55,87.4,87.4,261000,0
2017-02-21,06:35:00,87.4,87.55,87.4,87.5,202000,0
2017-02-21,06:40:00,87.5,87.65,87.5,87.55,244500,0
2017-02-21,06:45:00,87.55,87.65,87.55,87.6,167500,0
2017-02-21,06:50:00,87.6,87.6,87.55,87.55,23000,0
2017-02-21,06:55:00,87.55,87.55,87.5,87.5,118500,0
2017-02-21,07:00:00,87.5,87.55,87.45,87.55,68400,0
2017-02-21,07:05:00,87.55,87.6,87.25,87.45,566500,0
2017-02-21,07:10:00,87.45,87.45,87.4,87.4,57500,0
2017-02-21,07:15:00,87.4,87.45,87.35,87.45,129500,0
2017-02-21,07:20:00,87.45,87.45,87.4,87.4,23000,0
2017-02-21,07:25:00,87.4,87.45,87.4,87.4,30500,0
2017-02-21,07:30:00,87.4,87.45,87.35,87.35,239500,0
2017-02-21,07:35:00,87.35,87.4,87.25,87.25,166000,0
2017-02-21,07:40:00,87.25,87.35,87.15,87.3,235500,0
2017-02-21,07:45:00,87.3,87.35,87.25,87.3,158000,0
2017-02-21,07:50:00,87.3,87.3,87.25,87.3,97000,0
2017-02-21,07:55:00,87.3,87.5,87.25,87.35,244500,0
2017-02-21,08:00:00,87.35,87.4,87.3,87.35,155500,0
2017-02-21,08:05:00,87.35,87.45,87.3,87.35,82000,0
2017-02-21,08:10:00,87.35,87.45,87.35,87.35,176000,0
2017-02-21,08:15:00,87.35,87.35,87.2,87.2,128700,0
2017-02-21,08:20:00,87.2,87.3,87.2,87.3,153400,0
2017-02-21,08:25:00,87.3,87.35,87.2,87.25,163000,0
2017-02-21,08:30:00,87.25,87.3,87.2,87.25,179000,0
2017-02-21,08:35:00,87.25,87.3,86.95,86.95,537000,0
2017-02-21,08:40:00,86.95,87,86.9,86.9,110000,0
2017-02-21,08:45:00,86.85,87,86.85,86.9,246500,0
2017-02-21,08:50:00,86.9,86.95,86.85,86.9,273160,0
2017-02-21,08:55:00,86.9,86.95,86.85,86.9,119500,0
2017-02-21,09:00:00,86.8,86.95,86.8,86.95,1381733,0
2017-02-22,02:35:00,87.8,87.9,86.75,86.95,652343,0
2017-02-22,02:40:00,86.95,86.95,86.6,86.7,659500,0
2017-02-22,02:45:00,86.65,86.8,86.65,86.75,203050,0
2017-02-22,02:50:00,86.75,86.95,86.65,86.75,468000,0
2017-02-22,02:55:00,86.75,86.8,86.7,86.7,112500,0
2017-02-22,03:00:00,86.7,86.75,86.7,86.75,81500,0
2017-02-22,03:05:00,86.6,86.85,86.6,86.75,411500,0
2017-02-22,03:10:00,86.75,86.8,86.7,86.7,219000,0
2017-02-22,03:15:00,86.65,86.85,86.65,86.75,789000,0
2017-02-22,03:20:00,86.75,86.8,86.7,86.7,138975,0
2017-02-22,03:25:00,86.65,86.7,86.65,86.7,246500,0
2017-02-22,03:30:00,86.7,86.75,86.65,86.7,195500,0
2017-02-22,03:35:00,86.7,86.7,86.65,86.7,90000,0
2017-02-22,03:40:00,86.7,86.75,86.7,86.7,195000,0
2017-02-22,03:45:00,86.7,86.8,86.7,86.75,272500,0
2017-02-22,03:50:00,86.75,86.75,86.7,86.7,153000,0
2017-02-22,03:55:00,86.7,86.75,86.7,86.7,118000,0
2017-02-22,04:00:00,86.7,86.9,86.7,86.85,435000,0
2017-02-22,04:05:00,86.85,86.9,86.8,86.85,160500,0
2017-02-22,04:10:00,86.85,86.9,86.75,86.8,423500,0
2017-02-22,04:15:00,86.8,86.9,86.8,86.85,165000,0
2017-02-22,04:20:00,86.85,86.85,86.75,86.8,333000,0
2017-02-22,04:25:00,86.8,86.9,86.8,86.85,216254,0
2017-02-22,04:30:00,86.85,86.9,86.8,86.8,162000,0
2017-02-22,04:35:00,86.8,86.9,86.8,86.85,100000,0
2017-02-22,04:40:00,86.85,86.9,86.75,86.8,387000,0
2017-02-22,04:45:00,86.8,86.95,86.8,86.85,149000,0
2017-02-22,04:50:00,86.85,86.95,86.85,86.85,98905,0
2017-02-22,04:55:00,86.85,86.95,86.85,86.9,112103,0
2017-02-22,05:00:00,86.9,86.95,86.85,86.9,239000,0
2017-02-22,06:05:00,86.9,87.05,86.9,87.05,182500,0
2017-02-22,06:10:00,87.05,87.25,87.05,87.2,379534,0
2017-02-22,06:15:00,87.2,87.3,87.15,87.2,147500,0
2017-02-22,06:20:00,87.2,87.45,87.2,87.3,177000,0
2017-02-22,06:25:00,87.3,87.3,87.2,87.25,182500,0
2017-02-22,06:30:00,87.25,87.3,87.2,87.25,114000,0
2017-02-22,06:35:00,87.25,87.25,87.1,87.1,153500,0
2017-02-22,06:40:00,87.1,87.15,87,87.05,203500,0
2017-02-22,06:45:00,87.05,87.15,87.05,87.15,117076,0
2017-02-22,06:50:00,87.15,87.25,87.1,87.25,146494,0
2017-02-22,06:55:00,87.25,87.3,87.2,87.25,78500,0
2017-02-22,07:00:00,87.25,87.25,87.15,87.2,108500,0
2017-02-22,07:05:00,87.2,87.25,87.15,87.2,122500,0
2017-02-22,07:10:00,87.2,87.35,87.2,87.3,122500,0
2017-02-22,07:15:00,87.3,87.3,87.2,87.3,107500,0
2017-02-22,07:20:00,87.3,87.3,87.2,87.25,275500,0
2017-02-22,07:25:00,87.25,87.3,87.15,87.15,135000,0
2017-02-22,07:30:00,87.15,87.25,87.15,87.25,94000,0
2017-02-22,07:35:00,87.25,87.25,87.2,87.25,105500,0
2017-02-22,07:40:00,87.25,87.3,87.2,87.25,126000,0
2017-02-22,07:45:00,87.25,87.25,87.05,87.15,192500,0
2017-02-22,07:50:00,87.15,87.25,87.1,87.2,113000,0
2017-02-22,07:55:00,87.2,87.25,87.15,87.15,149230,0
2017-02-22,08:00:00,87.15,87.25,87.15,87.2,127500,0
2017-02-22,08:05:00,87.2,87.25,87.2,87.2,149000,0
2017-02-22,08:10:00,87.2,87.3,87.2,87.3,130000,0
2017-02-22,08:15:00,87.3,87.3,87.2,87.3,116500,0
2017-02-22,08:20:00,87.3,87.35,87.25,87.35,144000,0
2017-02-22,08:25:00,87.35,87.35,87.3,87.3,212000,0
2017-02-22,08:30:00,87.3,87.35,87.15,87.2,240500,0
2017-02-22,08:35:00,87.2,87.25,87.15,87.2,180500,0
2017-02-22,08:40:00,87.2,87.25,87.15,87.2,296500,0
2017-02-22,08:45:00,87.2,87.25,87.15,87.2,346000,0
2017-02-22,08:50:00,87.2,87.25,87.1,87.1,262000,0
2017-02-22,08:55:00,87.1,87.15,87.05,87.05,525000,0
2017-02-22,09:00:00,87.05,87.5,87.05,87.45,2817360,0
2017-02-23,02:35:00,86.95,87.35,86.8,87.1,587457,0
2017-02-23,02:40:00,87.1,87.2,87,87.1,225000,0
2017-02-23,02:45:00,87.1,87.2,86.85,87.05,607500,0
2017-02-23,02:50:00,87.05,87.05,86.8,86.9,313000,0
2017-02-23,02:55:00,86.9,86.9,86.8,86.85,214000,0
2017-02-23,03:00:00,86.85,86.9,86.75,86.75,176800,0
2017-02-23,03:05:00,86.75,86.85,86.75,86.8,151000,0
2017-02-23,03:10:00,86.8,86.9,86.8,86.9,133000,0
2017-02-23,03:15:00,86.9,86.9,86.75,86.8,230500,0
2017-02-23,03:20:00,86.8,86.8,86.6,86.65,471500,0
2017-02-23,03:25:00,86.65,86.7,86.6,86.65,174773,0
2017-02-23,03:30:00,86.65,86.7,86.65,86.7,156000,0
2017-02-23,03:35:00,86.7,86.7,86.6,86.65,176500,0
2017-02-23,03:40:00,86.65,86.65,86.5,86.55,261000,0
2017-02-23,03:45:00,86.55,86.65,86.5,86.65,176488,0
2017-02-23,03:50:00,86.65,86.7,86.6,86.65,142000,0
2017-02-23,03:55:00,86.65,86.7,86.55,86.65,522000,0
2017-02-23,04:00:00,86.65,86.65,86.5,86.55,259500,0
2017-02-23,04:05:00,86.55,86.6,86.55,86.6,110200,0
2017-02-23,04:10:00,86.6,86.65,86.55,86.6,143500,0
2017-02-23,04:15:00,86.6,86.6,86.55,86.6,65000,0
2017-02-23,04:20:00,86.6,86.6,86.5,86.55,171000,0
2017-02-23,04:25:00,86.55,86.55,86.4,86.5,516276,0
2017-02-23,04:30:00,86.5,86.7,86.5,86.7,238000,0
2017-02-23,04:35:00,86.7,86.75,86.55,86.55,136000,0
2017-02-23,04:40:00,86.55,86.65,86.55,86.55,161000,0
2017-02-23,04:45:00,86.55,86.6,86.55,86.6,108000,0
2017-02-23,04:50:00,86.6,86.6,86.5,86.6,188600,0
2017-02-23,04:55:00,86.6,86.65,86.55,86.65,165268,0
2017-02-23,05:00:00,86.65,86.65,86.45,86.5,332500,0
2017-02-23,06:05:00,86.5,86.65,86.4,86.45,499500,0
2017-02-23,06:10:00,86.45,86.5,86.4,86.45,296500,0
2017-02-23,06:15:00,86.45,86.5,86.4,86.5,200500,0
2017-02-23,06:20:00,86.5,86.55,86.5,86.55,194315,0
2017-02-23,06:25:00,86.55,86.55,86.5,86.55,127552,0
2017-02-23,06:30:00,86.55,86.6,86.55,86.55,327500,0
2017-02-23,06:35:00,86.55,86.6,86.5,86.55,173580,0
2017-02-23,06:40:00,86.55,86.55,86.4,86.45,513344,0
2017-02-23,06:45:00,86.45,86.5,86.4,86.4,97500,0
2017-02-23,06:50:00,86.4,86.45,86.3,86.35,525500,0
2017-02-23,06:55:00,86.35,86.35,86.15,86.15,923000,0
2017-02-23,07:00:00,86.15,86.4,86.1,86.3,597100,0
2017-02-23,07:05:00,86.3,86.35,86.2,86.2,181000,0
2017-02-23,07:10:00,86.2,86.3,86.2,86.3,158000,0
2017-02-23,07:15:00,86.3,86.45,86.25,86.45,478940,0
2017-02-23,07:20:00,86.45,86.45,86.4,86.45,168016,0
2017-02-23,07:25:00,86.45,86.5,86.4,86.45,202000,0
2017-02-23,07:30:00,86.45,86.45,86.4,86.4,123000,0
2017-02-23,07:35:00,86.4,86.45,86.3,86.3,542425,0
2017-02-23,07:40:00,86.3,86.4,86.3,86.35,251000,0
2017-02-23,07:45:00,86.35,86.4,86.35,86.4,171000,0
2017-02-23,07:50:00,86.4,86.5,86.35,86.4,499000,0
2017-02-23,07:55:00,86.4,86.5,86.4,86.45,326000,0
2017-02-23,08:00:00,86.45,86.55,86.45,86.55,118500,0
2017-02-23,08:05:00,86.55,86.6,86.45,86.45,212000,0
2017-02-23,08:10:00,86.45,86.5,86.4,86.5,145000,0
2017-02-23,08:15:00,86.5,86.5,86.4,86.45,129500,0
2017-02-23,08:20:00,86.45,86.55,86.45,86.55,242500,0
2017-02-23,08:25:00,86.55,86.55,86.45,86.5,220500,0
2017-02-23,08:30:00,86.5,86.5,86.4,86.45,339000,0
2017-02-23,08:35:00,86.45,86.5,86.4,86.5,260000,0
2017-02-23,08:40:00,86.5,86.5,86.45,86.5,121000,0
2017-02-23,08:45:00,86.5,86.55,86.45,86.5,349000,0
2017-02-23,08:50:00,86.5,86.55,86.45,86.55,435500,0
2017-02-23,08:55:00,86.55,86.65,86.5,86.55,504000,0
2017-02-23,09:00:00,86.55,86.6,86.35,86.35,2244000,0
2017-02-24,02:35:00,86.85,86.9,86.55,86.8,320375,0
2017-02-24,02:40:00,86.8,86.8,86.6,86.75,288000,0
2017-02-24,02:45:00,86.75,87.05,86.75,86.9,296000,0
2017-02-24,02:50:00,86.9,87.05,86.85,87,197000,0
2017-02-24,02:55:00,87,87.1,87,87.05,161000,0
2017-02-24,03:00:00,87.05,87.1,86.8,86.9,339500,0
2017-02-24,03:05:00,86.9,86.95,86.85,86.95,66600,0
2017-02-24,03:10:00,86.95,87,86.85,86.9,192500,0
2017-02-24,03:15:00,86.9,87.05,86.9,87.05,159500,0
2017-02-24,03:20:00,87.05,87.05,86.8,86.85,223000,0
2017-02-24,03:25:00,86.85,86.95,86.8,86.85,190500,0
2017-02-24,03:30:00,86.85,86.95,86.85,86.9,341000,0
2017-02-24,03:35:00,86.9,87.1,86.9,87.05,485500,0
2017-02-24,03:40:00,87.05,87.05,87,87.05,185000,0
2017-02-24,03:45:00,87.05,87.2,87.05,87.1,404000,0
2017-02-24,03:50:00,87.1,87.2,87.1,87.15,151500,0
2017-02-24,03:55:00,87.15,87.2,87.1,87.15,169133,0
2017-02-24,04:00:00,87.15,87.2,87.15,87.15,68500,0
2017-02-24,04:05:00,87.15,87.3,87.15,87.3,245500,0
2017-02-24,04:10:00,87.3,87.35,87.25,87.25,165500,0
2017-02-24,04:15:00,87.25,87.25,87.1,87.15,217000,0
2017-02-24,04:20:00,87.15,87.15,87,87.05,80500,0
2017-02-24,04:25:00,87.05,87.15,87,87.15,185500,0
2017-02-24,04:30:00,87.15,87.15,87.1,87.15,25000,0
2017-02-24,04:35:00,87.15,87.15,87.1,87.1,114500,0
2017-02-24,04:40:00,87.1,87.15,87.1,87.15,74000,0
2017-02-24,04:45:00,87.15,87.25,87.1,87.25,125000,0
2017-02-24,04:50:00,87.25,87.25,87.2,87.2,12000,0
2017-02-24,04:55:00,87.2,87.25,87.1,87.15,410000,0
2017-02-24,05:00:00,87.15,87.2,87.05,87.05,53500,0
2017-02-24,06:05:00,87.05,87.2,86.95,87.05,324473,0
2017-02-24,06:10:00,87.05,87.05,86.75,86.9,376000,0
2017-02-24,06:15:00,86.9,86.95,86.8,86.85,124500,0
2017-02-24,06:20:00,86.85,86.85,86.7,86.8,321000,0
2017-02-24,06:25:00,86.8,86.8,86.7,86.75,84500,0
2017-02-24,06:30:00,86.75,86.75,86.6,86.7,223139,0
2017-02-24,06:35:00,86.7,86.7,86.65,86.7,82500,0
2017-02-24,06:40:00,86.7,86.7,86.65,86.65,77000,0
2017-02-24,06:45:00,86.65,86.7,86.65,86.65,55500,0
2017-02-24,06:50:00,86.65,86.75,86.65,86.75,60500,0
2017-02-24,06:55:00,86.75,86.85,86.75,86.85,74000,0
2017-02-24,07:00:00,86.85,86.95,86.8,86.9,139500,0
2017-02-24,07:05:00,86.9,86.95,86.8,86.8,89000,0
2017-02-24,07:10:00,86.8,86.95,86.8,86.9,80500,0
2017-02-24,07:15:00,86.9,86.9,86.85,86.9,25000,0
2017-02-24,07:20:00,86.9,86.9,86.8,86.8,119000,0
2017-02-24,07:25:00,86.8,87,86.8,87,225505,0
2017-02-24,07:30:00,87,87.05,86.95,87.05,175933,0
2017-02-24,07:35:00,87.05,87.25,87.05,87.25,280500,0
2017-02-24,07:40:00,87.25,87.3,87.15,87.15,198000,0
2017-02-24,07:45:00,87.15,87.2,87.1,87.1,106500,0
2017-02-24,07:50:00,87.1,87.2,87.1,87.1,83000,0
2017-02-24,07:55:00,87.1,87.15,87.05,87.1,112646,0
2017-02-24,08:00:00,87.1,87.1,86.95,87.1,149500,0
2017-02-24,08:05:00,87.1,87.1,86.95,87,108500,0
2017-02-24,08:10:00,87,87.05,87,87,94000,0
2017-02-24,08:15:00,87,87.05,86.95,87,83500,0
2017-02-24,08:20:00,87,87.05,86.95,87.05,117500,0
2017-02-24,08:25:00,87.05,87.05,86.9,86.95,168500,0
2017-02-24,08:30:00,86.95,87.05,86.85,87.05,262000,0
2017-02-24,08:35:00,87.05,87.05,86.85,86.95,336000,0
2017-02-24,08:40:00,86.95,87,86.9,87,138000,0
2017-02-24,08:45:00,87,87,86.8,86.8,227500,0
2017-02-24,08:50:00,86.8,86.9,86.8,86.85,331000,0
2017-02-24,08:55:00,86.85,86.85,86.6,86.65,737100,0
2017-02-24,09:00:00,86.65,86.7,86.5,86.5,2027457,0
2017-02-27,02:35:00,87,87.1,86.75,86.75,425100,0
2017-02-27,02:40:00,86.75,86.8,86.65,86.7,104300,0
2017-02-27,02:45:00,86.7,86.85,86.7,86.8,128516,0
2017-02-27,02:50:00,86.8,87.05,86.8,86.95,216500,0
2017-02-27,02:55:00,86.95,87.05,86.9,87.05,161500,0
2017-02-27,03:00:00,87.05,87.2,87,87.05,311545,0
2017-02-27,03:05:00,87.05,87.1,87.05,87.1,71500,0
2017-02-27,03:10:00,87.1,87.15,87.05,87.05,165000,0
2017-02-27,03:15:00,87.05,87.2,87,87.15,185500,0
2017-02-27,03:20:00,87.15,87.2,87.1,87.2,101000,0
2017-02-27,03:25:00,87.2,87.2,87.15,87.2,114500,0
2017-02-27,03:30:00,87.2,87.2,87.05,87.1,126000,0
2017-02-27,03:35:00,87.1,87.15,87,87.05,145000,0
2017-02-27,03:40:00,87.05,87.1,87.05,87.05,50500,0
2017-02-27,03:45:00,87.05,87.25,87.05,87.25,203000,0
2017-02-27,03:50:00,87.25,87.3,87.2,87.25,208500,0
2017-02-27,03:55:00,87.25,87.3,87.2,87.2,170000,0
2017-02-27,04:00:00,87.2,87.3,87.15,87.3,160000,0
2017-02-27,04:05:00,87.3,87.3,87.2,87.3,241500,0
2017-02-27,04:10:00,87.3,87.4,87.25,87.35,422248,0
2017-02-27,04:15:00,87.35,87.4,87.2,87.25,348500,0
2017-02-27,04:20:00,87.25,87.3,87.15,87.15,230000,0
2017-02-27,04:25:00,87.15,87.2,87.1,87.15,183000,0
2017-02-27,04:30:00,87.15,87.2,87.1,87.15,159500,0
2017-02-27,04:35:00,87.15,87.2,87.15,87.2,153000,0
2017-02-27,04:40:00,87.2,87.2,87.05,87.1,260670,0
2017-02-27,04:45:00,87.1,87.25,87.1,87.15,172000,0
2017-02-27,04:50:00,87.15,87.25,87.15,87.15,158500,0
2017-02-27,04:55:00,87.15,87.25,87.1,87.25,176000,0
2017-02-27,05:00:00,87.25,87.25,87.2,87.2,44000,0
2017-02-27,06:05:00,87.2,87.2,87.1,87.15,111470,0
2017-02-27,06:10:00,87.15,87.15,87.05,87.05,26000,0
2017-02-27,06:15:00,87.05,87.1,87.05,87.1,34267,0
2017-02-27,06:20:00,87.1,87.1,87,87,33000,0
2017-02-27,06:25:00,87,87.1,86.95,87.05,249500,0
2017-02-27,06:30:00,87.05,87.05,86.95,86.95,216500,0
2017-02-27,06:35:00,86.95,87,86.9,86.9,47000,0
2017-02-27,06:40:00,86.9,87.05,86.9,86.9,120500,0
2017-02-27,06:45:00,86.9,87,86.9,86.95,36000,0
2017-02-27,06:50:00,86.95,87,86.85,86.85,79000,0
2017-02-27,06:55:00,86.85,86.9,86.75,86.75,58500,0
2017-02-27,07:00:00,86.75,86.95,86.75,86.9,64000,0
2017-02-27,07:05:00,86.9,86.95,86.85,86.85,43000,0
2017-02-27,07:10:00,86.85,86.9,86.85,86.85,47500,0
2017-02-27,07:15:00,86.85,86.9,86.8,86.8,79000,0
2017-02-27,07:20:00,86.8,86.85,86.8,86.8,35000,0
2017-02-27,07:25:00,86.8,86.85,86.8,86.8,46000,0
2017-02-27,07:30:00,86.8,86.85,86.8,86.8,48000,0
2017-02-27,07:35:00,86.8,86.85,86.75,86.8,145000,0
2017-02-27,07:40:00,86.8,86.8,86.65,86.65,215000,0
2017-02-27,07:45:00,86.65,86.8,86.65,86.75,145500,0
2017-02-27,07:50:00,86.75,86.8,86.75,86.75,20500,0
2017-02-27,07:55:00,86.75,86.8,86.7,86.7,133000,0
2017-02-27,08:00:00,86.7,86.75,86.65,86.65,75500,0
2017-02-27,08:05:00,86.65,86.7,86.65,86.7,72000,0
2017-02-27,08:10:00,86.7,86.7,86.6,86.65,127000,0
2017-02-27,08:15:00,86.65,86.75,86.65,86.65,86000,0
2017-02-27,08:20:00,86.65,86.75,86.65,86.7,125000,0
2017-02-27,08:25:00,86.7,86.8,86.7,86.75,163500,0
2017-02-27,08:30:00,86.75,86.8,86.75,86.8,67000,0
2017-02-27,08:35:00,86.8,86.8,86.75,86.75,104000,0
2017-02-27,08:40:00,86.75,86.8,86.65,86.65,184503,0
2017-02-27,08:45:00,86.65,86.7,86.45,86.5,398500,0
2017-02-27,08:50:00,86.45,86.75,86.45,86.55,251500,0
2017-02-27,08:55:00,86.55,86.65,86.5,86.5,567500,0
2017-02-27,09:00:00,86.5,86.75,86.5,86.55,1634500,0
2017-02-28,02:35:00,86.75,87,86.6,87,432360,0
2017-02-28,02:40:00,87,87.1,86.95,87.05,95450,0
2017-02-28,02:45:00,87.05,87.15,86.9,87.15,222400,0
2017-02-28,02:50:00,87.15,87.25,87.05,87.15,203500,0
2017-02-28,02:55:00,87.15,87.25,87.1,87.2,197000,0
2017-02-28,03:00:00,87.2,87.25,87.15,87.2,722500,0
2017-02-28,03:05:00,87.2,87.25,87.1,87.2,164000,0
2017-02-28,03:10:00,87.2,87.25,87.05,87.15,267000,0
2017-02-28,03:15:00,87.15,87.2,87.05,87.1,361500,0
2017-02-28,03:20:00,87.1,87.15,87.1,87.15,118000,0
2017-02-28,03:25:00,87.15,87.2,87.15,87.15,141300,0
2017-02-28,03:30:00,87.15,87.15,87.1,87.1,47617,0
2017-02-28,03:35:00,87.1,87.15,86.8,86.8,160500,0
2017-02-28,03:40:00,86.8,87,86.8,86.85,110906,0
2017-02-28,03:45:00,86.85,86.95,86.8,86.95,100000,0
2017-02-28,03:50:00,86.95,87.15,86.9,86.9,156500,0
2017-02-28,03:55:00,86.9,86.9,86.85,86.9,49000,0
2017-02-28,04:00:00,86.9,86.95,86.85,86.9,63000,0
2017-02-28,04:05:00,86.9,86.95,86.85,86.9,63000,0
2017-02-28,04:10:00,86.9,86.95,86.9,86.9,61500,0
2017-02-28,04:15:00,86.9,87,86.9,86.95,39500,0
2017-02-28,04:20:00,86.95,87,86.9,86.95,102600,0
2017-02-28,04:25:00,86.95,86.95,86.85,86.85,57000,0
2017-02-28,04:30:00,86.85,86.9,86.8,86.8,69000,0
2017-02-28,04:35:00,86.8,86.85,86.8,86.85,29500,0
2017-02-28,04:40:00,86.85,86.9,86.65,86.9,220500,0
2017-02-28,04:45:00,86.9,86.9,86.85,86.85,29500,0
2017-02-28,04:50:00,86.85,86.9,86.75,86.75,96000,0
2017-02-28,04:55:00,86.75,86.8,86.75,86.75,12500,0
2017-02-28,05:00:00,86.75,86.8,86.75,86.75,35000,0
2017-02-28,06:05:00,86.75,86.85,86.65,86.75,380000,0
2017-02-28,06:10:00,86.75,86.75,86.7,86.75,22500,0
2017-02-28,06:15:00,86.75,86.75,86.65,86.7,110500,0
2017-02-28,06:20:00,86.7,86.7,86.7,86.7,6500,0
2017-02-28,06:25:00,86.7,86.7,86.65,86.7,146500,0
2017-02-28,06:30:00,86.7,86.7,86.65,86.65,44589,0
2017-02-28,06:35:00,86.65,86.7,86.35,86.35,730000,0
2017-02-28,06:40:00,86.35,86.45,86.35,86.35,83610,0
2017-02-28,06:45:00,86.35,86.45,86.3,86.45,155039,0
2017-02-28,06:50:00,86.45,86.5,86.4,86.4,94000,0
2017-02-28,06:55:00,86.4,86.45,86.35,86.4,74500,0
2017-02-28,07:00:00,86.4,86.4,86.3,86.3,54000,0
2017-02-28,07:05:00,86.3,86.35,86.25,86.25,100500,0
2017-02-28,07:10:00,86.25,86.3,86.2,86.2,75500,0
2017-02-28,07:15:00,86.2,86.3,86.15,86.25,129000,0
2017-02-28,07:20:00,86.25,86.25,86.15,86.15,49500,0
2017-02-28,07:25:00,86.15,86.3,86.15,86.3,212500,0
2017-02-28,07:30:00,86.3,86.3,86.25,86.25,54694,0
2017-02-28,07:35:00,86.25,86.3,86.2,86.25,143000,0
2017-02-28,07:40:00,86.25,86.25,86.2,86.2,65500,0
2017-02-28,07:45:00,86.2,86.25,86.15,86.15,147000,0
2017-02-28,07:50:00,86.15,86.2,86.05,86.1,263500,0
2017-02-28,07:55:00,86.1,86.1,85.85,85.95,625000,0
2017-02-28,08:00:00,85.95,86,85.95,85.95,55500,0
2017-02-28,08:05:00,85.95,85.95,85.85,85.9,103500,0
2017-02-28,08:10:00,85.9,85.9,85.85,85.85,120000,0
2017-02-28,08:15:00,85.85,85.95,85.85,85.9,257340,0
2017-02-28,08:20:00,85.9,85.95,85.75,85.75,338000,0
2017-02-28,08:25:00,85.6,85.75,85.6,85.65,256000,0
2017-02-28,08:50:00,85.6,85.8,85.6,85.7,778500,0
2017-02-28,08:55:00,85.55,85.65,85.55,85.65,185000,0
2017-02-28,09:00:00,85.55,85.65,85.55,85.65,374500,0
2017-03-01,02:35:00,86.55,86.55,85.85,85.95,545653,0
2017-03-01,02:40:00,85.95,86.05,85.7,85.7,470500,0
2017-03-01,02:45:00,85.7,85.95,85.65,85.95,176597,0
2017-03-01,02:50:00,85.95,86.35,85.95,86.2,340100,0
2017-03-01,02:55:00,86.2,86.25,86.15,86.2,134500,0
2017-03-01,03:00:00,86.2,86.4,86.05,86.15,220500,0
2017-03-01,03:05:00,86.15,86.25,86.15,86.2,143750,0
2017-03-01,03:10:00,86.2,86.25,86.15,86.15,48000,0
2017-03-01,03:15:00,86.15,86.25,86.15,86.25,196500,0
2017-03-01,03:20:00,86.25,86.3,86.25,86.25,41500,0
2017-03-01,03:25:00,86.25,86.35,86.25,86.25,137659,0
2017-03-01,03:30:00,86.25,86.4,86.25,86.4,150000,0
2017-03-01,03:35:00,86.4,86.45,86.35,86.4,188500,0
2017-03-01,03:40:00,86.4,86.4,86.3,86.35,110000,0
2017-03-01,03:45:00,86.35,86.35,86.25,86.25,67000,0
2017-03-01,03:50:00,86.25,86.3,86.25,86.25,138500,0
2017-03-01,03:55:00,86.25,86.3,86.2,86.2,199500,0
2017-03-01,04:00:00,86.2,86.3,86.2,86.3,175000,0
2017-03-01,04:05:00,86.3,86.45,86.3,86.35,153000,0
2017-03-01,04:10:00,86.35,86.45,86.35,86.4,209500,0
2017-03-01,04:15:00,86.4,86.5,86.35,86.35,159000,0
2017-03-01,04:20:00,86.35,86.4,86.35,86.35,67000,0
2017-03-01,04:25:00,86.35,86.4,86.35,86.4,70000,0
2017-03-01,04:30:00,86.4,86.55,86.4,86.5,190867,0
2017-03-01,04:35:00,86.5,86.55,86.5,86.5,57000,0
2017-03-01,04:40:00,86.5,86.5,86.4,86.4,125500,0
2017-03-01,04:45:00,86.4,86.5,86.35,86.45,104000,0
2017-03-01,04:50:00,86.45,86.55,86.45,86.5,157500,0
2017-03-01,04:55:00,86.5,86.6,86.5,86.6,107065,0
2017-03-01,05:00:00,86.6,86.6,86.5,86.5,53500,0
2017-03-01,06:05:00,86.5,86.55,86.2,86.2,227500,0
2017-03-01,06:10:00,86.2,86.2,86.05,86.15,216500,0
2017-03-01,06:15:00,86.15,86.25,86.15,86.25,132500,0
2017-03-01,06:20:00,86.25,86.3,86.15,86.15,110500,0
2017-03-01,06:25:00,86.15,86.15,86.05,86.1,104500,0
2017-03-01,06:30:00,86.1,86.15,86,86.1,97500,0
2017-03-01,06:35:00,86.1,86.15,86.1,86.15,69000,0
2017-03-01,06:40:00,86.15,86.2,86,86.15,381500,0
2017-03-01,06:45:00,86.15,86.15,86.05,86.05,36500,0
2017-03-01,06:50:00,86.05,86.05,86,86,75000,0
2017-03-01,06:55:00,86,86.05,86,86.05,124500,0
2017-03-01,07:00:00,86.05,86.05,85.95,86,143500,0
2017-03-01,07:05:00,86,86,86,86,36900,0
2017-03-01,07:10:00,86,86,85.95,85.95,29000,0
2017-03-01,07:15:00,85.95,86,85.95,85.95,27500,0
2017-03-01,07:20:00,85.95,85.95,85.85,85.85,93000,0
2017-03-01,07:25:00,85.85,85.9,85.85,85.9,57000,0
2017-03-01,07:30:00,85.9,85.95,85.9,85.9,33500,0
2017-03-01,07:35:00,85.9,86,85.9,86,79750,0
2017-03-01,07:40:00,86,86.05,85.95,85.95,134500,0
2017-03-01,07:45:00,85.95,86,85.95,86,37000,0
2017-03-01,07:50:00,86,86.05,85.95,85.95,158500,0
2017-03-01,07:55:00,85.95,85.95,85.8,85.8,136500,0
2017-03-01,08:00:00,85.8,85.9,85.8,85.9,61500,0
2017-03-01,08:05:00,85.9,85.9,85.8,85.8,98500,0
2017-03-01,08:10:00,85.8,85.85,85.8,85.85,33000,0
2017-03-01,08:15:00,85.85,85.85,85.8,85.8,73128,0
2017-03-01,08:20:00,85.8,86,85.8,85.9,200000,0
2017-03-01,08:25:00,85.9,85.95,85.75,85.95,219500,0
2017-03-01,08:30:00,85.95,85.95,85.8,85.85,440000,0
2017-03-01,08:35:00,85.85,85.9,85.85,85.85,22000,0
2017-03-01,08:40:00,85.85,85.9,85.8,85.85,163500,0
2017-03-01,08:45:00,85.85,85.85,85.85,85.85,100000,0
2017-03-01,08:50:00,85.85,85.9,85.8,85.8,191000,0
2017-03-01,08:55:00,85.8,85.85,85.75,85.8,298000,0
2017-03-01,09:00:00,85.8,85.8,85.7,85.7,332500,0
2017-03-02,02:35:00,86.25,86.45,86.2,86.25,828037,0
2017-03-02,02:40:00,86.25,86.3,86.05,86.15,466000,0
2017-03-02,02:45:00,86.15,86.3,86.15,86.3,242875,0
2017-03-02,02:50:00,86.3,86.3,86.05,86.05,316000,0
2017-03-02,02:55:00,86.05,86.1,85.9,85.9,308500,0
2017-03-02,03:00:00,85.9,85.95,85.7,85.75,220000,0
2017-03-02,03:05:00,85.75,85.8,85.65,85.7,253500,0
2017-03-02,03:10:00,85.7,85.75,85.65,85.75,243000,0
2017-03-02,03:15:00,85.75,85.75,85.5,85.65,640500,0
2017-03-02,03:20:00,85.65,85.65,85.45,85.45,377515,0
2017-03-02,03:25:00,85.45,85.55,85.45,85.5,295000,0
2017-03-02,03:30:00,85.5,85.55,85.5,85.5,78000,0
2017-03-02,03:35:00,85.5,85.6,85.5,85.55,225500,0
2017-03-02,03:40:00,85.55,85.6,85.5,85.55,127500,0
2017-03-02,03:45:00,85.55,85.55,85.3,85.35,544000,0
2017-03-02,03:50:00,85.35,85.35,85.2,85.25,272000,0
2017-03-02,03:55:00,85.25,85.25,85.2,85.2,80500,0
2017-03-02,04:00:00,85.2,85.6,85.2,85.55,420500,0
2017-03-02,04:05:00,85.55,85.55,85.35,85.35,305500,0
2017-03-02,04:10:00,85.35,85.4,85.3,85.4,144500,0
2017-03-02,04:15:00,85.4,85.45,85.3,85.3,281000,0
2017-03-02,04:20:00,85.3,85.4,85.3,85.4,163000,0
2017-03-02,04:25:00,85.4,85.45,85.35,85.4,169500,0
2017-03-02,04:30:00,85.4,85.4,85.35,85.4,185000,0
2017-03-02,04:35:00,85.4,85.4,85.35,85.4,138000,0
2017-03-02,04:40:00,85.4,85.4,85.25,85.3,271657,0
2017-03-02,04:45:00,85.3,85.3,85.2,85.25,176045,0
2017-03-02,04:50:00,85.25,85.25,85.2,85.25,179500,0
2017-03-02,04:55:00,85.25,85.25,85.2,85.25,99190,0
2017-03-02,05:00:00,85.25,85.25,85.15,85.15,373500,0
2017-03-02,06:05:00,85.15,85.3,85.05,85.2,1123500,0
2017-03-02,06:10:00,85.2,85.25,85.15,85.25,89000,0
2017-03-02,06:15:00,85.25,85.3,85.2,85.3,118500,0
2017-03-02,06:20:00,85.3,85.3,85.25,85.3,101500,0
2017-03-02,06:25:00,85.3,85.45,85.25,85.45,274500,0
2017-03-02,06:30:00,85.45,85.5,85.4,85.4,162500,0
2017-03-02,06:35:00,85.4,85.45,85.35,85.4,134000,0
2017-03-02,06:40:00,85.4,85.45,85.35,85.35,95000,0
2017-03-02,06:45:00,85.35,85.4,85.25,85.4,196500,0
2017-03-02,06:50:00,85.4,85.45,85.35,85.45,102500,0
2017-03-02,06:55:00,85.45,85.45,85.4,85.45,52000,0
2017-03-02,07:00:00,85.45,85.45,85.3,85.35,183910,0
2017-03-02,07:05:00,85.35,85.35,85.3,85.3,186000,0
2017-03-02,07:10:00,85.3,85.3,85.2,85.25,140500,0
2017-03-02,07:15:00,85.25,85.35,85.2,85.3,302000,0
2017-03-02,07:20:00,85.3,85.3,85.25,85.25,91500,0
2017-03-02,07:25:00,85.25,85.4,85.25,85.4,213500,0
2017-03-02,07:30:00,85.4,85.45,85.35,85.45,156000,0
2017-03-02,07:35:00,85.45,85.45,85.35,85.35,171500,0
2017-03-02,07:40:00,85.35,85.55,85.35,85.55,286500,0
2017-03-02,07:45:00,85.55,85.55,85.35,85.4,168500,0
2017-03-02,07:50:00,85.4,85.45,85.35,85.4,162000,0
2017-03-02,07:55:00,85.4,85.4,85.3,85.4,172500,0
2017-03-02,08:00:00,85.4,85.4,85.3,85.3,148000,0
2017-03-02,08:05:00,85.3,85.35,85.3,85.35,55075,0
2017-03-02,08:10:00,85.35,85.35,85.3,85.35,100000,0
2017-03-02,08:15:00,85.35,85.35,85.2,85.2,298500,0
2017-03-02,08:20:00,85.2,85.35,85.1,85.2,662000,0
2017-03-02,08:25:00,85.2,85.25,85.15,85.25,272900,0
2017-03-02,08:30:00,85.25,85.25,85,85,625000,0
2017-03-02,08:35:00,85,85.1,85,85.05,340000,0
2017-03-02,08:40:00,85.05,85.2,85,85.2,466500,0
2017-03-02,08:45:00,85.2,85.2,85.1,85.15,101075,0
2017-03-02,08:50:00,85.15,85.15,84.85,84.9,1071500,0
2017-03-02,08:55:00,84.9,85.25,84.85,85.2,900000,0
2017-03-02,09:00:00,85.2,85.4,85.1,85.35,3339175,0
2017-03-03,02:35:00,84.45,85,84.35,84.75,909297,0
2017-03-03,02:40:00,84.75,84.75,84.5,84.7,338000,0
2017-03-03,02:45:00,84.7,84.85,84.6,84.8,566500,0
2017-03-03,02:50:00,84.8,84.8,84.6,84.65,245000,0
2017-03-03,02:55:00,84.65,84.9,84.55,84.75,292700,0
2017-03-03,03:00:00,84.75,84.75,84.6,84.7,90500,0
2017-03-03,03:05:00,84.7,84.75,84.6,84.6,220000,0
2017-03-03,03:10:00,84.6,84.85,84.5,84.8,588000,0
2017-03-03,03:15:00,84.8,85.3,84.7,85.3,782897,0
2017-03-03,03:20:00,85.3,85.45,85.25,85.3,314300,0
2017-03-03,03:25:00,85.3,85.3,85.2,85.2,28000,0
2017-03-03,03:30:00,85.1,85.3,85.1,85.25,125000,0
2017-03-03,03:35:00,85.25,85.65,85.25,85.5,401500,0
2017-03-03,03:40:00,85.5,85.5,85.15,85.2,142500,0
2017-03-03,03:45:00,85.2,85.25,85.1,85.15,88500,0
2017-03-03,03:50:00,85.15,85.2,85.1,85.15,45500,0
2017-03-03,03:55:00,85.15,85.15,85.1,85.15,57000,0
2017-03-03,04:00:00,85.15,85.35,85.15,85.35,161500,0
2017-03-03,04:05:00,85.35,85.4,85.35,85.4,122000,0
2017-03-03,04:10:00,85.4,85.45,85.25,85.25,137000,0
2017-03-03,04:15:00,85.25,85.25,85.1,85.15,100000,0
2017-03-03,04:20:00,85.15,85.15,85.1,85.15,45550,0
2017-03-03,04:25:00,85.15,85.15,85.1,85.1,42000,0
2017-03-03,04:30:00,85.1,85.15,85.1,85.1,41000,0
2017-03-03,04:35:00,85.1,85.15,85.1,85.15,50500,0
2017-03-03,04:40:00,85.15,85.15,85.1,85.15,51000,0
2017-03-03,04:45:00,85.15,85.15,85.1,85.15,60000,0
2017-03-03,04:50:00,85.15,85.15,85,85.05,177500,0
2017-03-03,04:55:00,85.05,85.05,85,85.05,128500,0
2017-03-03,05:00:00,85.05,85.1,84.95,85,398500,0
2017-03-03,06:05:00,85,85.1,85,85.05,236000,0
2017-03-03,06:10:00,85.05,85.15,85,85.15,177139,0
2017-03-03,06:15:00,85.15,85.2,85.1,85.15,115035,0
2017-03-03,06:20:00,85.15,85.2,85.15,85.2,30255,0
2017-03-03,06:25:00,85.2,85.4,85.2,85.25,359500,0
2017-03-03,06:30:00,85.25,85.25,85.15,85.2,104013,0
2017-03-03,06:35:00,85.2,85.3,85.1,85.25,150500,0
2017-03-03,06:40:00,85.25,85.3,85.25,85.3,47200,0
2017-03-03,06:45:00,85.3,85.35,85.25,85.35,75500,0
2017-03-03,06:50:00,85.35,85.45,85.35,85.4,147000,0
2017-03-03,06:55:00,85.4,85.4,85.3,85.3,95500,0
2017-03-03,07:00:00,85.3,85.35,85.3,85.35,45500,0
2017-03-03,07:05:00,85.35,85.4,85.3,85.4,55000,0
2017-03-03,07:10:00,85.4,85.45,85.35,85.4,193000,0
2017-03-03,07:15:00,85.4,85.45,85.4,85.4,60000,0
2017-03-03,07:20:00,85.4,85.45,85.3,85.3,153000,0
2017-03-03,07:25:00,85.3,85.35,85.3,85.35,31440,0
2017-03-03,07:30:00,85.35,85.35,85.3,85.3,82000,0
2017-03-03,07:35:00,85.3,85.35,85.25,85.3,99500,0
2017-03-03,07:40:00,85.3,85.35,85.25,85.25,204500,0
2017-03-03,07:45:00,85.25,85.25,85.15,85.2,90500,0
2017-03-03,07:50:00,85.2,85.2,85.1,85.1,99576,0
2017-03-03,07:55:00,85.1,85.15,85.1,85.15,89500,0
2017-03-03,08:00:00,85.15,85.3,85.1,85.3,170500,0
2017-03-03,08:05:00,85.3,85.3,85.25,85.3,59500,0
2017-03-03,08:10:00,85.3,85.3,85.25,85.25,86000,0
2017-03-03,08:15:00,85.25,85.3,85.25,85.3,68110,0
2017-03-03,08:20:00,85.3,85.3,85.15,85.2,238000,0
2017-03-03,08:25:00,85.2,85.25,85.15,85.2,173000,0
2017-03-03,08:30:00,85.2,85.2,85.05,85.15,182500,0
2017-03-03,08:35:00,85.15,85.25,85.1,85.25,225000,0
2017-03-03,08:40:00,85.25,85.3,85.2,85.3,106500,0
2017-03-03,08:45:00,85.3,85.3,85.25,85.3,243300,0
2017-03-03,08:50:00,85.3,85.35,85.25,85.35,245500,0
2017-03-03,08:55:00,85.35,85.45,85.2,85.25,607000,0
2017-03-03,09:00:00,85.25,85.4,85.1,85.1,2187000,0
2017-03-06,02:35:00,85.55,85.55,85.05,85.45,862500,0
2017-03-06,02:40:00,85.45,85.65,85.4,85.65,219515,0
2017-03-06,02:45:00,85.65,85.7,85.55,85.7,167500,0
2017-03-06,02:50:00,85.7,85.8,85.65,85.65,307500,0
2017-03-06,02:55:00,85.65,85.7,85.6,85.7,54012,0
2017-03-06,03:00:00,85.7,85.8,85.65,85.7,150500,0
2017-03-06,03:05:00,85.7,85.75,85.55,85.6,165266,0
2017-03-06,03:10:00,85.6,85.7,85.55,85.55,148500,0
2017-03-06,03:15:00,85.55,85.65,85.55,85.6,145000,0
2017-03-06,03:20:00,85.6,85.6,85.35,85.35,193000,0
2017-03-06,03:25:00,85.35,85.45,85.35,85.4,132000,0
2017-03-06,03:30:00,85.4,85.45,85.35,85.4,80500,0
2017-03-06,03:35:00,85.4,85.5,85.4,85.45,98500,0
2017-03-06,03:40:00,85.45,85.5,85.4,85.45,111020,0
2017-03-06,03:45:00,85.45,85.5,85.4,85.4,54500,0
2017-03-06,03:50:00,85.4,85.45,85.35,85.4,96000,0
2017-03-06,03:55:00,85.4,85.45,85.25,85.3,139900,0
2017-03-06,04:00:00,85.3,85.3,85.25,85.3,45671,0
2017-03-06,04:05:00,85.3,85.3,85.25,85.25,84500,0
2017-03-06,04:10:00,85.25,85.3,85.25,85.3,62539,0
2017-03-06,04:15:00,85.3,85.3,85.05,85.15,167500,0
2017-03-06,04:20:00,85.15,85.2,85.1,85.15,55000,0
2017-03-06,04:25:00,85.15,85.25,85.15,85.2,64500,0
2017-03-06,04:30:00,85.2,85.25,85.15,85.2,77000,0
2017-03-06,04:35:00,85.2,85.25,85.2,85.2,51500,0
2017-03-06,04:40:00,85.2,85.3,85.2,85.25,81500,0
2017-03-06,04:45:00,85.25,85.3,85.2,85.3,72500,0
2017-03-06,04:50:00,85.3,85.3,85.15,85.2,76000,0
2017-03-06,04:55:00,85.2,85.2,85.15,85.2,59000,0
2017-03-06,05:00:00,85.2,85.2,85.15,85.2,54500,0
2017-03-06,06:05:00,85.2,85.2,84.9,84.95,498500,0
2017-03-06,06:10:00,84.95,85,84.8,84.85,194000,0
2017-03-06,06:15:00,84.85,84.85,84.5,84.6,438531,0
2017-03-06,06:20:00,84.6,84.65,84.35,84.45,458000,0
2017-03-06,06:25:00,84.45,84.6,84.45,84.55,192500,0
2017-03-06,06:30:00,84.55,84.6,84.45,84.5,250000,0
2017-03-06,06:35:00,84.5,84.5,84.4,84.5,220500,0
2017-03-06,06:40:00,84.5,84.55,84.45,84.5,193400,0
2017-03-06,06:45:00,84.5,84.5,84.3,84.35,254700,0
2017-03-06,06:50:00,84.35,84.45,84.25,84.4,172000,0
2017-03-06,06:55:00,84.4,84.8,84.4,84.7,736000,0
2017-03-06,07:00:00,84.7,85,84.55,84.65,1041500,0
2017-03-06,07:05:00,84.65,84.7,84.6,84.65,235500,0
2017-03-06,07:10:00,84.65,84.7,84.65,84.65,42000,0
2017-03-06,07:15:00,84.65,84.7,84.6,84.65,67000,0
2017-03-06,07:20:00,84.65,84.7,84.5,84.6,154000,0
2017-03-06,07:25:00,84.6,84.6,84.5,84.5,164000,0
2017-03-06,07:30:00,84.5,84.5,84.3,84.3,256500,0
2017-03-06,07:35:00,84.25,84.4,84.25,84.35,139500,0
2017-03-06,07:40:00,84.35,84.5,84.25,84.45,277000,0
2017-03-06,07:45:00,84.45,84.55,84.4,84.4,136870,0
2017-03-06,07:50:00,84.4,84.45,84.3,84.35,147500,0
2017-03-06,07:55:00,84.35,84.35,84.25,84.3,47500,0
2017-03-06,08:00:00,84.25,84.45,84.25,84.45,323500,0
2017-03-06,08:05:00,84.45,84.5,84.35,84.4,193500,0
2017-03-06,08:10:00,84.4,84.5,84.35,84.45,187500,0
2017-03-06,08:15:00,84.45,84.5,84.35,84.35,251500,0
2017-03-06,08:20:00,84.35,84.45,84.35,84.45,232500,0
2017-03-06,08:25:00,84.45,84.45,84.4,84.45,133500,0
2017-03-06,08:30:00,84.45,84.45,84.4,84.45,274500,0
2017-03-06,08:35:00,84.45,84.6,84.35,84.6,595500,0
2017-03-06,08:40:00,84.6,84.6,84.5,84.5,153500,0
2017-03-06,08:45:00,84.5,84.55,84.4,84.55,608500,0
2017-03-06,08:50:00,84.55,84.7,84.55,84.6,394611,0
2017-03-06,08:55:00,84.6,84.7,84.6,84.7,436000,0
2017-03-06,09:00:00,84.7,84.8,84.6,84.8,1907500,0
2017-03-07,02:35:00,84,84.1,83.8,84,900700,0
2017-03-07,02:40:00,84,84.05,84,84,281523,0
2017-03-07,02:45:00,84,84.6,84,84.6,924000,0
2017-03-07,02:50:00,84.6,84.8,84.55,84.8,592230,0
2017-03-07,02:55:00,84.8,85.15,84.75,85.1,886458,0
2017-03-07,03:00:00,85.1,85.1,84.95,85,339200,0
2017-03-07,03:05:00,85,85.05,84.95,85,252500,0
2017-03-07,03:10:00,85,85.1,85,85.05,299630,0
2017-03-07,03:15:00,85.05,85.05,85,85,152000,0
2017-03-07,03:20:00,85,85,84.75,84.75,345921,0
2017-03-07,03:25:00,84.75,84.8,84.65,84.75,511000,0
2017-03-07,03:30:00,84.75,84.85,84.75,84.8,190400,0
2017-03-07,03:35:00,84.8,84.85,84.6,84.6,205500,0
2017-03-07,03:40:00,84.6,84.7,84.55,84.65,167500,0
2017-03-07,03:45:00,84.65,84.75,84.55,84.75,117000,0
2017-03-07,03:50:00,84.75,84.8,84.65,84.8,202500,0
2017-03-07,03:55:00,84.8,84.8,84.65,84.65,246000,0
2017-03-07,04:00:00,84.65,84.75,84.6,84.75,143000,0
2017-03-07,04:05:00,84.75,84.8,84.7,84.8,227045,0
2017-03-07,04:10:00,84.8,84.8,84.65,84.7,199511,0
2017-03-07,04:15:00,84.7,84.7,84.55,84.6,89500,0
2017-03-07,04:20:00,84.6,84.6,84.4,84.4,400500,0
2017-03-07,04:25:00,84.4,84.55,84.3,84.55,310000,0
2017-03-07,04:30:00,84.55,84.8,84.5,84.65,786500,0
2017-03-07,04:35:00,84.65,84.8,84.65,84.75,299000,0
2017-03-07,04:40:00,84.75,84.8,84.7,84.7,90000,0
2017-03-07,04:45:00,84.7,84.8,84.7,84.75,146000,0
2017-03-07,04:50:00,84.75,84.8,84.7,84.7,95085,0
2017-03-07,04:55:00,84.7,84.75,84.65,84.7,110500,0
2017-03-07,05:00:00,84.7,84.75,84.65,84.75,91500,0
2017-03-07,06:05:00,84.75,84.8,84.65,84.7,236500,0
2017-03-07,06:10:00,84.7,84.7,84.65,84.65,88500,0
2017-03-07,06:15:00,84.65,84.75,84.65,84.75,185132,0
2017-03-07,06:20:00,84.75,84.9,84.7,84.9,214000,0
2017-03-07,06:25:00,84.9,85.1,84.85,85.05,443090,0
2017-03-07,06:30:00,85.05,85.2,85.05,85.1,492000,0
2017-03-07,06:35:00,85.1,85.2,85.1,85.1,144000,0
2017-03-07,06:40:00,85.1,85.15,85.05,85.05,203500,0
2017-03-07,06:45:00,85.05,85.05,84.7,84.9,356000,0
2017-03-07,06:50:00,84.9,85.1,84.9,85.05,322000,0
2017-03-07,06:55:00,85.05,85.15,85,85.1,134076,0
2017-03-07,07:00:00,85.1,85.15,85,85,108629,0
2017-03-07,07:05:00,85,85.15,85,85,301500,0
2017-03-07,07:10:00,85,85.1,85,85.05,97900,0
2017-03-07,07:15:00,85.05,85.15,85.05,85.1,204500,0
2017-03-07,07:20:00,85.1,85.2,85.05,85.15,159000,0
2017-03-07,07:25:00,85.15,85.15,85.1,85.1,56000,0
2017-03-07,07:30:00,85.1,85.1,84.95,85.1,462500,0
2017-03-07,07:35:00,85.1,85.1,85,85,54500,0
2017-03-07,07:40:00,85,85,84.9,84.95,82000,0
2017-03-07,07:45:00,84.95,85,84.9,84.95,202500,0
2017-03-07,07:50:00,84.95,85,84.85,85,109000,0
2017-03-07,07:55:00,85,85,84.9,84.95,111000,0
2017-03-07,08:00:00,84.95,84.95,84.8,84.9,141500,0
2017-03-07,08:05:00,84.9,84.9,84.8,84.85,104500,0
2017-03-07,08:10:00,84.85,84.95,84.8,84.9,212500,0
2017-03-07,08:15:00,84.9,84.95,84.85,84.9,127000,0
2017-03-07,08:20:00,84.9,84.9,84.85,84.85,94000,0
2017-03-07,08:25:00,84.85,84.9,84.85,84.9,166000,0
2017-03-07,08:30:00,84.9,84.9,84.75,84.8,203500,0
2017-03-07,08:35:00,84.8,84.8,84.65,84.7,237500,0
2017-03-07,08:40:00,84.7,84.7,84.55,84.55,227500,0
2017-03-07,08:45:00,84.55,84.7,84.55,84.65,499200,0
2017-03-07,08:50:00,84.65,84.65,84.5,84.55,320500,0
2017-03-07,08:55:00,84.55,84.8,84.5,84.8,608000,0
2017-03-07,09:00:00,84.8,85.1,84.7,85.1,2773900,0
2017-03-08,02:35:00,85.1,85.1,84.65,84.7,291056,0
2017-03-08,02:40:00,84.7,85.2,84.65,85.05,530500,0
2017-03-08,02:45:00,85.05,85.2,85.05,85.1,253000,0
2017-03-08,02:50:00,85.1,85.15,84.95,85.15,212329,0
2017-03-08,02:55:00,85.15,85.15,85.05,85.15,128500,0
2017-03-08,03:00:00,85.15,85.15,85.05,85.1,138000,0
2017-03-08,03:05:00,85.1,85.15,85.05,85.1,75000,0
2017-03-08,03:10:00,85.1,85.15,85.05,85.05,80062,0
2017-03-08,03:15:00,85.05,85.05,84.9,84.95,104500,0
2017-03-08,03:20:00,84.95,84.95,84.75,84.85,233000,0
2017-03-08,03:25:00,84.85,85.05,84.85,85,156091,0
2017-03-08,03:30:00,85,85.05,84.95,84.95,66680,0
2017-03-08,03:35:00,84.95,84.95,84.85,84.85,72500,0
2017-03-08,03:40:00,84.85,84.95,84.85,84.95,78000,0
2017-03-08,03:45:00,84.95,85,84.95,85,30000,0
2017-03-08,03:50:00,85,85.15,85,85.15,207636,0
2017-03-08,03:55:00,85.15,85.3,85.1,85.3,131000,0
2017-03-08,04:00:00,85.3,85.45,85.3,85.45,83000,0
2017-03-08,04:05:00,85.45,85.45,85.3,85.4,160000,0
2017-03-08,04:10:00,85.4,85.4,85.25,85.3,225000,0
2017-03-08,04:15:00,85.3,85.4,85.3,85.3,39500,0
2017-03-08,04:20:00,85.3,85.45,85.3,85.45,172000,0
2017-03-08,04:25:00,85.45,85.45,85.35,85.45,124000,0
2017-03-08,04:30:00,85.45,85.65,85.45,85.6,160500,0
2017-03-08,04:35:00,85.6,85.65,85.5,85.5,135000,0
2017-03-08,04:40:00,85.5,85.55,85.3,85.3,154336,0
2017-03-08,04:45:00,85.3,85.45,85.3,85.4,27500,0
2017-03-08,04:50:00,85.4,85.45,85.3,85.45,137500,0
2017-03-08,04:55:00,85.45,85.5,85.4,85.45,229500,0
2017-03-08,05:00:00,85.45,85.5,85.45,85.5,59500,0
2017-03-08,06:05:00,85.5,85.5,85.4,85.45,236220,0
2017-03-08,06:10:00,85.45,85.5,85.35,85.4,145000,0
2017-03-08,06:15:00,85.4,85.5,85.3,85.35,260000,0
2017-03-08,06:20:00,85.35,85.4,85.3,85.35,61500,0
2017-03-08,06:25:00,85.35,85.4,85.3,85.3,118000,0
2017-03-08,06:30:00,85.3,85.4,85.3,85.35,97000,0
2017-03-08,06:35:00,85.35,85.4,85.25,85.3,109500,0
2017-03-08,06:40:00,85.3,85.3,85.25,85.3,47020,0
2017-03-08,06:45:00,85.3,85.4,85.3,85.35,118500,0
2017-03-08,06:50:00,85.35,85.4,85.3,85.35,43000,0
2017-03-08,06:55:00,85.35,85.4,85.3,85.35,175000,0
2017-03-08,07:00:00,85.35,85.4,85.35,85.4,142500,0
2017-03-08,07:05:00,85.4,85.45,85.35,85.35,80000,0
2017-03-08,07:10:00,85.35,85.4,85.35,85.35,19000,0
2017-03-08,07:15:00,85.35,85.4,85.3,85.3,153500,0
2017-03-08,07:20:00,85.3,85.4,85.3,85.4,95500,0
2017-03-08,07:25:00,85.4,85.45,85.35,85.45,80000,0
2017-03-08,07:30:00,85.45,85.5,85.4,85.5,72500,0
2017-03-08,07:35:00,85.5,85.6,85.45,85.6,141500,0
2017-03-08,07:40:00,85.6,85.7,85.5,85.5,196000,0
2017-03-08,07:45:00,85.5,85.6,85.5,85.55,58164,0
2017-03-08,07:50:00,85.55,85.55,85.45,85.5,111000,0
2017-03-08,07:55:00,85.5,85.55,85.3,85.35,128500,0
2017-03-08,08:00:00,85.35,85.4,85.3,85.4,93800,0
2017-03-08,08:05:00,85.4,85.45,85.4,85.45,114096,0
2017-03-08,08:10:00,85.45,85.5,85.35,85.4,125000,0
2017-03-08,08:15:00,85.4,85.4,85.25,85.35,70000,0
2017-03-08,08:20:00,85.35,85.5,85.35,85.45,159000,0
2017-03-08,08:25:00,85.45,85.5,85.4,85.4,127500,0
2017-03-08,08:30:00,85.4,85.5,85.4,85.45,128000,0
2017-03-08,08:35:00,85.45,85.45,85.35,85.45,180000,0
2017-03-08,08:40:00,85.45,85.5,85.4,85.45,310000,0
2017-03-08,08:45:00,85.45,85.5,85.3,85.4,202500,0
2017-03-08,08:50:00,85.4,85.45,85.35,85.4,284500,0
2017-03-08,08:55:00,85.4,85.45,85.4,85.4,267000,0
2017-03-08,09:00:00,85.4,85.45,85.3,85.3,1498500,0
2017-03-09,02:35:00,85,85,84.7,84.8,459511,0
2017-03-09,02:40:00,84.8,85,84.55,84.9,478500,0
2017-03-09,02:45:00,84.9,85.15,84.8,84.95,520500,0
2017-03-09,02:50:00,84.95,85,84.8,84.85,288500,0
2017-03-09,02:55:00,84.85,85,84.8,84.95,98000,0
2017-03-09,03:00:00,84.95,84.95,84.75,84.8,178180,0
2017-03-09,03:05:00,84.8,84.8,84.65,84.65,116000,0
2017-03-09,03:10:00,84.65,84.65,84.55,84.6,99000,0
2017-03-09,03:15:00,84.6,84.65,84.5,84.55,47000,0
2017-03-09,03:20:00,84.55,84.6,84.55,84.55,68500,0
2017-03-09,03:25:00,84.55,84.65,84.55,84.6,139500,0
2017-03-09,03:30:00,84.6,84.7,84.55,84.7,98500,0
2017-03-09,03:35:00,84.7,84.7,84.6,84.65,54600,0
2017-03-09,03:40:00,84.65,84.7,84.6,84.6,38024,0
2017-03-09,03:45:00,84.6,84.7,84.55,84.65,168500,0
2017-03-09,03:50:00,84.65,84.65,84.6,84.6,29500,0
2017-03-09,03:55:00,84.6,84.65,84.55,84.55,68500,0
2017-03-09,04:00:00,84.55,84.7,84.55,84.7,133500,0
2017-03-09,04:05:00,84.7,84.75,84.6,84.65,185500,0
2017-03-09,04:10:00,84.65,84.8,84.65,84.8,117000,0
2017-03-09,04:15:00,84.8,84.8,84.75,84.8,30000,0
2017-03-09,04:20:00,84.8,84.9,84.75,84.85,111500,0
2017-03-09,04:25:00,84.85,84.95,84.8,84.9,78500,0
2017-03-09,04:30:00,84.9,85.05,84.85,85.05,211000,0
2017-03-09,04:35:00,85.05,85.1,85,85.05,90549,0
2017-03-09,04:40:00,85.05,85.1,85,85.05,60000,0
2017-03-09,04:45:00,85.05,85.05,84.9,85,209000,0
2017-03-09,04:50:00,85,85,84.9,84.9,60509,0
2017-03-09,04:55:00,84.9,84.95,84.9,84.95,53500,0
2017-03-09,05:00:00,84.95,84.95,84.65,84.75,329000,0
2017-03-09,06:05:00,84.75,84.85,84.75,84.8,85500,0
2017-03-09,06:10:00,84.8,84.9,84.75,84.85,81600,0
2017-03-09,06:15:00,84.85,84.85,84.8,84.8,15500,0
2017-03-09,06:20:00,84.8,84.8,84.7,84.7,38000,0
2017-03-09,06:25:00,84.7,84.85,84.7,84.8,116500,0
2017-03-09,06:30:00,84.8,84.8,84.75,84.8,21000,0
2017-03-09,06:35:00,84.8,84.8,84.65,84.65,121500,0
2017-03-09,06:40:00,84.65,84.75,84.6,84.75,75500,0
2017-03-09,06:45:00,84.75,84.75,84.65,84.65,40000,0
2017-03-09,06:50:00,84.65,84.7,84.65,84.65,94500,0
2017-03-09,06:55:00,84.65,84.7,84.6,84.6,27300,0
2017-03-09,07:00:00,84.6,84.65,84.6,84.65,34000,0
2017-03-09,07:05:00,84.65,84.65,84.6,84.65,20204,0
2017-03-09,07:10:00,84.65,84.7,84.6,84.7,46500,0
2017-03-09,07:15:00,84.7,84.7,84.65,84.65,60000,0
2017-03-09,07:20:00,84.65,84.7,84.55,84.65,212000,0
2017-03-09,07:25:00,84.65,84.75,84.65,84.7,38000,0
2017-03-09,07:30:00,84.7,84.8,84.65,84.75,167500,0
2017-03-09,07:35:00,84.75,84.75,84.7,84.7,28000,0
2017-03-09,07:40:00,84.7,84.7,84.6,84.7,80500,0
2017-03-09,07:45:00,84.7,84.7,84.6,84.6,28000,0
2017-03-09,07:50:00,84.6,84.7,84.6,84.7,41000,0
2017-03-09,07:55:00,84.7,84.7,84.65,84.7,19000,0
2017-03-09,08:00:00,84.7,84.7,84.65,84.7,17500,0
2017-03-09,08:05:00,84.7,84.7,84.65,84.7,67300,0
2017-03-09,08:10:00,84.7,84.7,84.6,84.7,142000,0
2017-03-09,08:15:00,84.7,84.7,84.65,84.7,17500,0
2017-03-09,08:20:00,84.7,84.75,84.65,84.75,79500,0
2017-03-09,08:25:00,84.75,84.75,84.6,84.6,62000,0
2017-03-09,08:30:00,84.6,84.65,84.55,84.6,142000,0
2017-03-09,08:35:00,84.6,84.65,84.55,84.55,74260,0
2017-03-09,08:40:00,84.55,84.6,84.55,84.55,37000,0
2017-03-09,08:45:00,84.55,84.6,84.55,84.6,68000,0
2017-03-09,08:50:00,84.6,84.6,84.5,84.6,174000,0
2017-03-09,08:55:00,84.6,85,84.55,84.65,1074500,0
2017-03-09,09:00:00,84.65,84.65,84.5,84.6,1589000,0
2017-03-10,02:35:00,85.4,85.4,84.95,85.05,425463,0
2017-03-10,02:40:00,85.05,85.25,84.9,85.2,204500,0
2017-03-10,02:45:00,85.2,85.3,85.1,85.1,164500,0
2017-03-10,02:50:00,85.1,85.2,85.05,85.1,113500,0
2017-03-10,02:55:00,85.1,85.15,84.95,84.95,215500,0
2017-03-10,03:00:00,84.95,85,84.7,84.8,321500,0
2017-03-10,03:05:00,84.8,84.85,84.75,84.8,93500,0
2017-03-10,03:10:00,84.8,84.9,84.75,84.75,119500,0
2017-03-10,03:15:00,84.75,84.8,84.6,84.65,124000,0
2017-03-10,03:20:00,84.65,84.7,84.65,84.7,65500,0
2017-03-10,03:25:00,84.7,84.8,84.7,84.75,32500,0
2017-03-10,03:30:00,84.75,84.8,84.75,84.75,45300,0
2017-03-10,03:35:00,84.75,84.8,84.6,84.7,79126,0
2017-03-10,03:40:00,84.7,84.7,84.6,84.6,99556,0
2017-03-10,03:45:00,84.6,84.65,84.55,84.65,117000,0
2017-03-10,03:50:00,84.65,84.75,84.55,84.75,88500,0
2017-03-10,03:55:00,84.75,84.75,84.6,84.65,36000,0
2017-03-10,04:00:00,84.65,84.7,84.5,84.55,249000,0
2017-03-10,04:05:00,84.55,84.7,84.55,84.55,126000,0
2017-03-10,04:10:00,84.55,84.65,84.4,84.4,228500,0
2017-03-10,04:15:00,84.4,84.45,84.35,84.45,75839,0
2017-03-10,04:20:00,84.45,84.55,84.35,84.4,218000,0
2017-03-10,04:25:00,84.4,84.45,84.35,84.45,101000,0
2017-03-10,04:30:00,84.45,84.45,84.4,84.4,41500,0
2017-03-10,04:35:00,84.4,84.55,84.4,84.5,91500,0
2017-03-10,04:40:00,84.5,84.55,84.45,84.55,52000,0
2017-03-10,04:45:00,84.55,84.6,84.5,84.55,41000,0
2017-03-10,04:50:00,84.55,84.6,84.5,84.6,52000,0
2017-03-10,04:55:00,84.6,84.6,84.5,84.5,65590,0
2017-03-10,05:00:00,84.5,84.55,84.5,84.5,58500,0
2017-03-10,06:05:00,84.5,84.6,84.45,84.5,173500,0
2017-03-10,06:10:00,84.5,84.6,84.5,84.55,66000,0
2017-03-10,06:15:00,84.55,84.65,84.5,84.6,87107,0
2017-03-10,06:20:00,84.6,84.6,84.55,84.55,14113,0
2017-03-10,06:25:00,84.55,84.65,84.55,84.55,71500,0
2017-03-10,06:30:00,84.55,84.65,84.55,84.65,45000,0
2017-03-10,06:35:00,84.65,84.65,84.5,84.5,38000,0
2017-03-10,06:40:00,84.5,84.6,84.5,84.6,85500,0
2017-03-10,06:45:00,84.6,84.65,84.55,84.6,98500,0
2017-03-10,06:50:00,84.6,84.6,84.55,84.55,13500,0
2017-03-10,06:55:00,84.55,84.6,84.5,84.6,47500,0
2017-03-10,07:00:00,84.6,84.6,84.55,84.55,76000,0
2017-03-10,07:05:00,84.55,84.65,84.55,84.55,85500,0
2017-03-10,07:10:00,84.55,84.55,84.45,84.5,108477,0
2017-03-10,07:15:00,84.5,84.55,84.4,84.4,191000,0
2017-03-10,07:20:00,84.4,84.45,84.4,84.45,13500,0
2017-03-10,07:25:00,84.45,84.45,84.4,84.4,16254,0
2017-03-10,07:30:00,84.4,84.5,84.4,84.45,82500,0
2017-03-10,07:35:00,84.45,84.5,84.45,84.45,31000,0
2017-03-10,07:40:00,84.45,84.5,84.4,84.5,44002,0
2017-03-10,07:45:00,84.5,84.5,84.4,84.4,84000,0
2017-03-10,07:50:00,84.4,84.45,84.35,84.4,59500,0
2017-03-10,07:55:00,84.4,84.45,84.35,84.45,98494,0
2017-03-10,08:00:00,84.45,84.45,84.4,84.45,33500,0
2017-03-10,08:05:00,84.45,84.5,84.4,84.45,60000,0
2017-03-10,08:10:00,84.45,84.5,84.4,84.5,77000,0
2017-03-10,08:15:00,84.5,84.5,84.4,84.45,140000,0
2017-03-10,08:20:00,84.45,84.5,84.4,84.5,97000,0
2017-03-10,08:25:00,84.5,84.5,84.4,84.45,107242,0
2017-03-10,08:30:00,84.45,84.5,84.4,84.45,54500,0
2017-03-10,08:35:00,84.45,84.45,84.4,84.4,81100,0
2017-03-10,08:40:00,84.4,84.5,84.4,84.5,138000,0
2017-03-10,08:45:00,84.5,84.5,84.45,84.45,138500,0
2017-03-10,08:50:00,84.45,84.45,84.35,84.45,333000,0
2017-03-10,08:55:00,84.45,84.5,84.4,84.5,177000,0
2017-03-10,09:00:00,84.5,84.55,84.4,84.4,1350500,0
